CREATE DATABASE  IF NOT EXISTS `madb_n` /*!40100 DEFAULT CHARACTER SET utf8 COLLATE utf8_general_ci */ /*!80016 DEFAULT ENCRYPTION='N' */;
USE `madb_n`;
-- MySQL dump 10.13  Distrib 8.0.31, for Win64 (x86_64)
--
-- Host: localhost    Database: madb_n
-- ------------------------------------------------------
-- Server version	8.0.31

/*!40101 SET @OLD_CHARACTER_SET_CLIENT=@@CHARACTER_SET_CLIENT */;
/*!40101 SET @OLD_CHARACTER_SET_RESULTS=@@CHARACTER_SET_RESULTS */;
/*!40101 SET @OLD_COLLATION_CONNECTION=@@COLLATION_CONNECTION */;
/*!50503 SET NAMES utf8 */;
/*!40103 SET @OLD_TIME_ZONE=@@TIME_ZONE */;
/*!40103 SET TIME_ZONE='+00:00' */;
/*!40014 SET @OLD_UNIQUE_CHECKS=@@UNIQUE_CHECKS, UNIQUE_CHECKS=0 */;
/*!40014 SET @OLD_FOREIGN_KEY_CHECKS=@@FOREIGN_KEY_CHECKS, FOREIGN_KEY_CHECKS=0 */;
/*!40101 SET @OLD_SQL_MODE=@@SQL_MODE, SQL_MODE='NO_AUTO_VALUE_ON_ZERO' */;
/*!40111 SET @OLD_SQL_NOTES=@@SQL_NOTES, SQL_NOTES=0 */;

--
-- Table structure for table `dept`
--

DROP TABLE IF EXISTS `dept`;
/*!40101 SET @saved_cs_client     = @@character_set_client */;
/*!50503 SET character_set_client = utf8 */;
CREATE TABLE `dept` (
  `DEPTNO` int NOT NULL,
  `DNAME` text,
  `LOC` text,
  PRIMARY KEY (`DEPTNO`)
) ENGINE=InnoDB DEFAULT CHARSET=utf8 COLLATE=utf8_general_ci;
/*!40101 SET character_set_client = @saved_cs_client */;

--
-- Dumping data for table `dept`
--

LOCK TABLES `dept` WRITE;
/*!40000 ALTER TABLE `dept` DISABLE KEYS */;
INSERT INTO `dept` VALUES (10,'ACCOUNTING','NEW YORK'),(20,'RESEARCH','DALLAS'),(30,'SALES','CHICAGO'),(40,'OPERATIONS','BOSTON');
/*!40000 ALTER TABLE `dept` ENABLE KEYS */;
UNLOCK TABLES;

--
-- Table structure for table `emp`
--

DROP TABLE IF EXISTS `emp`;
/*!40101 SET @saved_cs_client     = @@character_set_client */;
/*!50503 SET character_set_client = utf8 */;
CREATE TABLE `emp` (
  `EMPNO` int NOT NULL,
  `ENAME` text,
  `JOB` text,
  `MGR` int DEFAULT NULL,
  `HIREDATE` datetime DEFAULT NULL,
  `SAL` int DEFAULT NULL,
  `COMM` bigint DEFAULT NULL,
  `DEPTNO` int DEFAULT NULL,
  PRIMARY KEY (`EMPNO`)
) ENGINE=InnoDB DEFAULT CHARSET=utf8 COLLATE=utf8_general_ci;
/*!40101 SET character_set_client = @saved_cs_client */;

--
-- Dumping data for table `emp`
--

LOCK TABLES `emp` WRITE;
/*!40000 ALTER TABLE `emp` DISABLE KEYS */;
INSERT INTO `emp` VALUES (7369,'SMITH','CLERK',7902,'2010-12-17 00:00:00',32000,NULL,20),(7499,'ALLEN','SALESMAN',7698,'2011-02-20 00:00:00',64000,12000,30),(7521,'WARD','SALESMAN',7698,'2011-02-22 00:00:00',50000,20000,30),(7566,'JONES','MANAGER',7839,'2011-04-02 00:00:00',119000,NULL,20),(7654,'MARTIN','SALESMAN',7698,'2011-09-28 00:00:00',50000,56000,30),(7698,'BLAKE','MANAGER',7839,'2011-05-01 00:00:00',114000,NULL,30),(7782,'CLARK','MANAGER',7839,'2011-06-09 00:00:00',98000,NULL,10),(7788,'SCOTT','ANALYST',7566,'2017-04-19 00:00:00',120000,NULL,20),(7839,'KING','PRESIDENT',NULL,'2011-11-17 00:00:00',200000,NULL,10),(7844,'TURNER','SALESMAN',7698,'2011-09-08 00:00:00',60000,0,30),(7876,'ADAMS','CLERK',7788,'2017-05-23 00:00:00',44000,NULL,20),(7900,'JAMES','CLERK',7698,'2011-12-03 00:00:00',38000,NULL,30),(7902,'FORD','ANALYST',7566,'2011-12-03 00:00:00',120000,NULL,20),(7934,'MILLER','CLERK',7782,'2012-01-23 00:00:00',52000,NULL,10);
/*!40000 ALTER TABLE `emp` ENABLE KEYS */;
UNLOCK TABLES;

--
-- Table structure for table `salgrade`
--

DROP TABLE IF EXISTS `salgrade`;
/*!40101 SET @saved_cs_client     = @@character_set_client */;
/*!50503 SET character_set_client = utf8 */;
CREATE TABLE `salgrade` (
  `GRADE` int NOT NULL,
  `LOSAL` int DEFAULT NULL,
  `HISAL` int DEFAULT NULL,
  PRIMARY KEY (`GRADE`)
) ENGINE=InnoDB DEFAULT CHARSET=utf8 COLLATE=utf8_general_ci;
/*!40101 SET character_set_client = @saved_cs_client */;

--
-- Dumping data for table `salgrade`
--

LOCK TABLES `salgrade` WRITE;
/*!40000 ALTER TABLE `salgrade` DISABLE KEYS */;
INSERT INTO `salgrade` VALUES (1,28000,48000),(2,48001,56000),(3,56001,80000),(4,80001,120000),(5,120001,400000);
/*!40000 ALTER TABLE `salgrade` ENABLE KEYS */;
UNLOCK TABLES;
/*!40103 SET TIME_ZONE=@OLD_TIME_ZONE */;

/*!40101 SET SQL_MODE=@OLD_SQL_MODE */;
/*!40014 SET FOREIGN_KEY_CHECKS=@OLD_FOREIGN_KEY_CHECKS */;
/*!40014 SET UNIQUE_CHECKS=@OLD_UNIQUE_CHECKS */;
/*!40101 SET CHARACTER_SET_CLIENT=@OLD_CHARACTER_SET_CLIENT */;
/*!40101 SET CHARACTER_SET_RESULTS=@OLD_CHARACTER_SET_RESULTS */;
/*!40101 SET COLLATION_CONNECTION=@OLD_COLLATION_CONNECTION */;
/*!40111 SET SQL_NOTES=@OLD_SQL_NOTES */;

-- Dump completed on 2025-06-09  0:28:28
