CREATE DATABASE  IF NOT EXISTS `yvmenuc` /*!40100 DEFAULT CHARACTER SET utf8 */;
USE `yvmenuc`;
-- MySQL dump 10.13  Distrib 5.7.17, for Win64 (x86_64)
--
-- Host: localhost    Database: yvmenuc
-- ------------------------------------------------------
-- Server version	5.7.18-log

/*!40101 SET @OLD_CHARACTER_SET_CLIENT=@@CHARACTER_SET_CLIENT */;
/*!40101 SET @OLD_CHARACTER_SET_RESULTS=@@CHARACTER_SET_RESULTS */;
/*!40101 SET @OLD_COLLATION_CONNECTION=@@COLLATION_CONNECTION */;
/*!40101 SET NAMES utf8 */;
/*!40103 SET @OLD_TIME_ZONE=@@TIME_ZONE */;
/*!40103 SET TIME_ZONE='+00:00' */;
/*!40014 SET @OLD_UNIQUE_CHECKS=@@UNIQUE_CHECKS, UNIQUE_CHECKS=0 */;
/*!40014 SET @OLD_FOREIGN_KEY_CHECKS=@@FOREIGN_KEY_CHECKS, FOREIGN_KEY_CHECKS=0 */;
/*!40101 SET @OLD_SQL_MODE=@@SQL_MODE, SQL_MODE='NO_AUTO_VALUE_ON_ZERO' */;
/*!40111 SET @OLD_SQL_NOTES=@@SQL_NOTES, SQL_NOTES=0 */;

--
-- Table structure for table `ycust`
--

DROP TABLE IF EXISTS `ycust`;
/*!40101 SET @saved_cs_client     = @@character_set_client */;
/*!40101 SET character_set_client = utf8 */;
CREATE TABLE `ycust` (
  `CONO` varchar(10) NOT NULL,
  `NA` varchar(8) DEFAULT NULL,
  `NAME` varchar(50) DEFAULT NULL,
  `ID` varchar(10) DEFAULT NULL,
  `BOSS` varchar(12) DEFAULT NULL,
  `AGENT` varchar(20) DEFAULT NULL,
  `TEL1` varchar(15) DEFAULT NULL,
  `TEL2` varchar(15) DEFAULT NULL,
  `PTEL` varchar(13) DEFAULT NULL,
  `FAX` varchar(15) DEFAULT NULL,
  `IADD` varchar(60) DEFAULT NULL,
  `MEMO` varchar(255) DEFAULT NULL,
  PRIMARY KEY (`CONO`)
) ENGINE=InnoDB DEFAULT CHARSET=utf8;
/*!40101 SET character_set_client = @saved_cs_client */;

--
-- Dumping data for table `ycust`
--

LOCK TABLES `ycust` WRITE;
/*!40000 ALTER TABLE `ycust` DISABLE KEYS */;
INSERT INTO `ycust` VALUES ('001','NAKAZAWA','NAKAZAWA CO.,LTD.','','田村','','81-6-69815905','','0932963258','','','DIECASTING'),('002','帝寶工業','帝寶工業有限公司','59347422',NULL,NULL,'06-2012889',NULL,'0910109648','06-233-3620','台南縣永康市經中路12號',NULL),('003','六鉅國際','六鉅國際股份有限公司','14094669',NULL,'邱森鴻','02-26562688#56',NULL,'0927353699','02-26562668','台北市內湖區洲子街60號7樓','#73李小姐(會計)'),('004','台灣樂家','台灣樂家衛浴股份有限公司','84158089',NULL,NULL,'04-8536262',NULL,'0988147852','04-8521080','515彰化縣大村鄉過溝村中山路二段333號',NULL),('005','KAWANO','KAWANO IN CORPORATIO',NULL,'清成俊一','幾野雄次','0932331155',NULL,'0932331155','0944-33-2175',NULL,'ikuno@kic-kawano.com'),('B02','詠翔工業','詠翔工業社',NULL,NULL,'鄭\'R','04-756-7654',NULL,'0919-064-765','04-755-8930','彰化縣和美鎮山犁里七寮路201號',NULL),('C20','翊傑金屬','翊傑金屬有限公司',NULL,NULL,'王大明','04-799-2345',NULL,'0935-139-555','04-799-2061','彰化縣伸港鄉溪底村工西一路7號',NULL),('C22','佑昇金屬','佑昇金屬有限公司','27894268',NULL,'許小華','04-8349876',NULL,'0933-470666','04-8349193','彰化縣員林鎮大饒里員集路二段384巷19號','鋁陽極'),('D01','彰霖企業','彰霖企業股份有限公司','59333150','黃敏達',NULL,'04-771-8765','04-771-33333','0922-426-888','04-771-2099','彰化縣鹿港鎮山崙里崙尾巷98-13號',NULL),('E01','奇異塑膠','奇異塑膠工業股份有限公司','22499896','蔡文雄',NULL,'04-755-3456',NULL,NULL,'04-757-4385','彰化縣和美鎮彰美路六段242號',NULL),('E02','和興企業','和興企業社','19930510','吳信儒',NULL,'049-252-6543','0923-159-678','0935-384-777','049-252-0596','彰化縣芬園舊社村鄉和興路196號',NULL),('E03','鴻吉工業','鴻吉工業社','77684635','鄭隆吉',NULL,'04-2630-3456',NULL,'0923-651-999','04-2630-6253','台中縣梧棲鎮永興路一段410號','塑膠射出'),('G01','DEF','gdgjd','','DDD','','','','','','','');
/*!40000 ALTER TABLE `ycust` ENABLE KEYS */;
UNLOCK TABLES;

--
-- Table structure for table `yemployee`
--

DROP TABLE IF EXISTS `yemployee`;
/*!40101 SET @saved_cs_client     = @@character_set_client */;
/*!40101 SET character_set_client = utf8 */;
CREATE TABLE `yemployee` (
  `ENO` varchar(10) NOT NULL,
  `ENAME` varchar(15) DEFAULT NULL,
  `PSWORD` varchar(30) DEFAULT NULL,
  `GENDER` varchar(2) DEFAULT NULL,
  `BIRTH` date DEFAULT NULL,
  `DEPT` varchar(6) DEFAULT NULL,
  `MAIL` varchar(30) DEFAULT NULL,
  `MEMO1` varchar(120) DEFAULT NULL,
  `PICTURE` varchar(30) DEFAULT NULL,
  PRIMARY KEY (`ENO`)
) ENGINE=InnoDB DEFAULT CHARSET=utf8;
/*!40101 SET character_set_client = @saved_cs_client */;

--
-- Dumping data for table `yemployee`
--

LOCK TABLES `yemployee` WRITE;
/*!40000 ALTER TABLE `yemployee` DISABLE KEYS */;
INSERT INTO `yemployee` VALUES ('107001','武嵋嵋','107001','男','1987-05-01',NULL,NULL,NULL,'001.Jpg'),('107002','邵金瑜','107002','女',NULL,NULL,NULL,NULL,'002.Jpg'),('107003','邱惠朗','107003','男',NULL,NULL,NULL,NULL,'003.Jpg'),('107004','金惠甹','107004','男',NULL,NULL,NULL,NULL,'004.Jpg'),('107005','侯保貴','107005','男',NULL,NULL,NULL,NULL,'005.Jpg'),('107006','姜陵贏','107006','男',NULL,NULL,NULL,NULL,'006.Jpg'),('107007','姚樺軒','107007','男',NULL,NULL,NULL,NULL,'007.Jpg'),('107008','段雅惠','107008','女',NULL,NULL,NULL,NULL,'008.Jpg'),('107009','胡千慧','107009','女',NULL,NULL,NULL,NULL,'009.Jpg'),('107010','范佳薇','107010','女',NULL,NULL,NULL,NULL,'010.Jpg'),('107011','唐珮菁','107011','女',NULL,NULL,NULL,NULL,'011.Jpg'),('107012','夏欣怡','107012','男',NULL,NULL,NULL,NULL,'012.Jpg'),('107013','孫柔君','107013','女',NULL,NULL,NULL,NULL,'013.Jpg'),('107014','徐文芳','107014','女','1900-01-01','','','','014.Jpg');
/*!40000 ALTER TABLE `yemployee` ENABLE KEYS */;
UNLOCK TABLES;

--
-- Table structure for table `yfgio`
--

DROP TABLE IF EXISTS `yfgio`;
/*!40101 SET @saved_cs_client     = @@character_set_client */;
/*!40101 SET character_set_client = utf8 */;
CREATE TABLE `yfgio` (
  `VHNO` varchar(15) NOT NULL,
  `VHDT` int(10) DEFAULT NULL,
  `CONO` varchar(10) DEFAULT NULL,
  `DC` varchar(2) DEFAULT NULL,
  PRIMARY KEY (`VHNO`)
) ENGINE=InnoDB DEFAULT CHARSET=utf8;
/*!40101 SET character_set_client = @saved_cs_client */;

--
-- Dumping data for table `yfgio`
--

LOCK TABLES `yfgio` WRITE;
/*!40000 ALTER TABLE `yfgio` DISABLE KEYS */;
INSERT INTO `yfgio` VALUES ('100011001',1000110,'001','D'),('100011002',1000110,'001','C'),('100011003',1000110,'001','D'),('100011004',1000110,'001','D'),('100011005',1000110,'001','C'),('100011401',1000114,'004','D'),('100012401',1000124,'004','C'),('100012601',1000126,'001','D'),('100012602',1000126,'001','C'),('100012603',1000126,'001','D'),('100012604',1000126,'001','C'),('100012605',1000126,'001','D'),('100012606',1000126,'001','C'),('100021401',1000214,'001','D'),('100021402',1000214,'001','C'),('100021403',1000214,'001','D'),('100021404',1000214,'001','C'),('100021406',1000214,'001','D'),('100021407',1000214,'001','C'),('100021408',1000214,'005','D'),('100021409',1000214,'001','C'),('100031410',1000314,'002','D'),('100031411',1000314,'002','C'),('100032301',1000323,'003','D'),('100032302',1000323,'001','C'),('100041201',1000412,'002','D'),('100042501',1000425,'003','C'),('100042502',1000425,'005','C'),('100042503',1000425,'001','C');
/*!40000 ALTER TABLE `yfgio` ENABLE KEYS */;
UNLOCK TABLES;

--
-- Table structure for table `yfgiodt`
--

DROP TABLE IF EXISTS `yfgiodt`;
/*!40101 SET @saved_cs_client     = @@character_set_client */;
/*!40101 SET character_set_client = utf8 */;
CREATE TABLE `yfgiodt` (
  `VHNO` varchar(15) NOT NULL,
  `OD` int(2) DEFAULT NULL,
  `FGNO` varchar(10) NOT NULL,
  `QTY` int(11) DEFAULT NULL,
  `PRC` float DEFAULT NULL,
  `BATCH` varchar(10) DEFAULT NULL,
  `ORDER1` varchar(15) DEFAULT NULL,
  `NOTE1` varchar(120) DEFAULT NULL,
  PRIMARY KEY (`VHNO`,`FGNO`)
) ENGINE=InnoDB DEFAULT CHARSET=utf8;
/*!40101 SET character_set_client = @saved_cs_client */;

--
-- Dumping data for table `yfgiodt`
--

LOCK TABLES `yfgiodt` WRITE;
/*!40000 ALTER TABLE `yfgiodt` DISABLE KEYS */;
INSERT INTO `yfgiodt` VALUES ('100011001',1,'NZ7067B',2340,70,'','',''),('100011002',1,'NZ7067B',2340,90,'NZ11S','Y0101-01',NULL),('100011003',1,'NZ7067B',2580,70,NULL,NULL,NULL),('100011004',1,'NZ7069L',1500,120,NULL,NULL,NULL),('100011005',1,'NZ7069L',1350,148,'NZ11S','Y0101-01',NULL),('100011401',1,'AM30',1200,36,NULL,NULL,NULL),('100012401',1,'AM30',1000,50,'NZ11S','Y0101-02',NULL),('100012601',1,'NZ7068B',2880,68,NULL,NULL,NULL),('100012602',1,'NZ7068B',2880,86,'NZ12S','Y0101-03',NULL),('100012603',1,'NZ7069K',2880,112,NULL,NULL,NULL),('100012604',1,'NZ7069K',1620,134,'NZ12S','Y0101-03',NULL),('100012605',1,'NZ7067B',600,70,NULL,NULL,NULL),('100012606',1,'NZ7067B',2880,93,'NZ12S','Y0101-03',NULL),('100021401',1,'NZ7069L',4420,120,NULL,NULL,NULL),('100021401',2,'NZ7071G',720,180,NULL,NULL,NULL),('100021402',1,'NZ7069L',4260,148,'NZ22S','Y0102-01',NULL),('100021403',1,'NZ7071G',1560,180,NULL,NULL,NULL),('100021404',1,'NZ7071G',960,220,'NZ22S','Y0102-02',NULL),('100021406',1,'NZ7070G',2400,130,NULL,NULL,NULL),('100021406',2,'NZ7070S',1840,130,NULL,NULL,NULL),('100021407',1,'NZ7070G',1728,164,'NZ22S','Y0102-01',NULL),('100021407',2,'NZ7070S',1728,164,'NZ22S','Y0102-02',NULL),('100021408',1,'HC-RD',1080,300,NULL,NULL,NULL),('100021409',1,'NZ7070G',360,164,'NZ22S','Y0102-01',NULL),('100031410',1,'3019',4320,30,NULL,NULL,NULL),('100031411',1,'3019',4320,40,'NZ31S','Y0103-01',NULL),('100032301',1,'57753',8640,41,NULL,NULL,NULL),('100032302',2,'NZ7069L',100,150,'NZ32S','Y0103-02',NULL),('100032302',1,'NZ7071G',1260,220,'NZ32S','Y0103-02',NULL),('100041201',1,'3019',100,30,NULL,NULL,NULL),('100042501',1,'57753',8640,53,'NZ41S','Y0104-03',NULL),('100042502',1,'HC-RD',660,363,'NZ41S','Y0104-01',NULL),('100042503',1,'NZ7069K',420,140,'NZ41S','Y0104-02',NULL);
/*!40000 ALTER TABLE `yfgiodt` ENABLE KEYS */;
UNLOCK TABLES;

--
-- Table structure for table `yfgmast`
--

DROP TABLE IF EXISTS `yfgmast`;
/*!40101 SET @saved_cs_client     = @@character_set_client */;
/*!40101 SET character_set_client = utf8 */;
CREATE TABLE `yfgmast` (
  `FGNO` varchar(10) NOT NULL,
  `FGNAME` varchar(50) DEFAULT NULL,
  `CONO` varchar(10) DEFAULT NULL,
  `PRC` float DEFAULT NULL,
  `ZWET` double DEFAULT NULL,
  `NOTE` varchar(120) DEFAULT NULL,
  `IQTY` int(11) DEFAULT NULL,
  `Cdate` date DEFAULT NULL,
  `PICTURE` varchar(30) DEFAULT NULL,
  `YN` tinyint(1) DEFAULT NULL,
  PRIMARY KEY (`FGNO`)
) ENGINE=InnoDB DEFAULT CHARSET=utf8;
/*!40101 SET character_set_client = @saved_cs_client */;

--
-- Dumping data for table `yfgmast`
--

LOCK TABLES `yfgmast` WRITE;
/*!40000 ALTER TABLE `yfgmast` DISABLE KEYS */;
INSERT INTO `yfgmast` VALUES ('3019','3019    門    擋','002',400,0.0602,'  ',100,'2018-08-25','A01',-1),('57753','#57753  把    手','003',50,0.2047,'  ',0,'2018-08-14','A02',-1),('AM30','POWER 30W DC-DC','004',50,0.065,'  ',200,'2018-08-24','A03',0),('HC-RD','隱形眼鏡盒-RD','005',363,0,'  ',430,'2018-08-25','A04',-1),('NZ7067B','ES-35WB 彎形7067','001',90,0.102,'  ',328,NULL,'A05',0),('NZ7068B','ES-35SB 直形7068','001',86,0.064,'  ',12,NULL,'A06',-1),('NZ7069K','KSB-EEN 彎頭7069','001',134,0.1755,'  ',200,NULL,'A07',0),('NZ7069L','TB6135  彎頭7069','001',148,0.1755,'  ',222,NULL,'A08',-1),('NZ7070G','ES-35LEGＬ形7070','001',164,0.1708,'  ',332,NULL,'A09',0),('NZ7070S','ES-35LESＬ形7070','001',164,0.1708,'  ',96,NULL,'A10',-1),('NZ7071G','ES-35WEG  彎接頭','001',222,0.2242,'  ',60,NULL,'A11',0);
/*!40000 ALTER TABLE `yfgmast` ENABLE KEYS */;
UNLOCK TABLES;

--
-- Table structure for table `yfgqty`
--

DROP TABLE IF EXISTS `yfgqty`;
/*!40101 SET @saved_cs_client     = @@character_set_client */;
/*!40101 SET character_set_client = utf8 */;
CREATE TABLE `yfgqty` (
  `YYMM` int(11) NOT NULL,
  `FGNO` varchar(10) NOT NULL,
  `PMQTY` int(11) DEFAULT NULL,
  `INQTY` int(11) DEFAULT NULL,
  `UDQTY` int(11) DEFAULT NULL,
  PRIMARY KEY (`YYMM`,`FGNO`)
) ENGINE=InnoDB DEFAULT CHARSET=utf8;
/*!40101 SET character_set_client = @saved_cs_client */;

--
-- Dumping data for table `yfgqty`
--

LOCK TABLES `yfgqty` WRITE;
/*!40000 ALTER TABLE `yfgqty` DISABLE KEYS */;
INSERT INTO `yfgqty` VALUES (10001,'AM30',0,1200,1000),(10001,'NZ7067B',0,5520,5220),(10001,'NZ7068B',0,2880,2880),(10001,'NZ7069K',0,2880,1620),(10001,'NZ7069L',0,1500,1350),(10002,'AM30',200,0,0),(10002,'HC-RD',0,1080,0),(10002,'NZ7067B',300,0,0),(10002,'NZ7069K',1260,0,0),(10002,'NZ7069L',150,4420,4260),(10002,'NZ7070G',0,2400,2088),(10002,'NZ7070S',0,1840,1728),(10002,'NZ7071G',0,2280,960),(10003,'3019',0,4320,4320),(10003,'57753',0,8640,0),(10003,'AM30',200,0,0),(10003,'HC-RD',1080,0,0),(10003,'NZ7067B',300,0,0),(10003,'NZ7069K',1260,0,0),(10003,'NZ7069L',310,0,100),(10003,'NZ7070G',312,0,0),(10003,'NZ7070S',112,0,0),(10003,'NZ7071G',1320,0,1260),(10004,'57753',8640,0,8640),(10004,'AM30',200,0,0),(10004,'HC-RD',1080,0,660),(10004,'NZ7067B',300,0,0),(10004,'NZ7069K',1260,0,1060),(10004,'NZ7069L',210,0,0),(10004,'NZ7070G',312,0,0),(10004,'NZ7070S',112,0,0),(10004,'NZ7071G',60,0,0),(10005,'AM30',200,0,0),(10005,'HC-RD',420,0,0),(10005,'NZ7067B',300,0,0),(10005,'NZ7069K',200,0,0),(10005,'NZ7069L',210,0,0),(10005,'NZ7070G',312,0,0),(10005,'NZ7070S',112,0,0),(10005,'NZ7071G',60,0,0);
/*!40000 ALTER TABLE `yfgqty` ENABLE KEYS */;
UNLOCK TABLES;

--
-- Table structure for table `yinventory`
--

DROP TABLE IF EXISTS `yinventory`;
/*!40101 SET @saved_cs_client     = @@character_set_client */;
/*!40101 SET character_set_client = utf8 */;
CREATE TABLE `yinventory` (
  `YYMM` int(11) NOT NULL,
  `FGNO` varchar(10) NOT NULL,
  `IVQTY` int(11) DEFAULT NULL,
  `SQTY` int(11) DEFAULT NULL,
  PRIMARY KEY (`YYMM`,`FGNO`)
) ENGINE=InnoDB DEFAULT CHARSET=utf8;
/*!40101 SET character_set_client = @saved_cs_client */;

--
-- Dumping data for table `yinventory`
--

LOCK TABLES `yinventory` WRITE;
/*!40000 ALTER TABLE `yinventory` DISABLE KEYS */;
INSERT INTO `yinventory` VALUES (10001,'AM30',200,200),(10001,'NZ7067B',300,300),(10001,'NZ7069K',1260,1260),(10001,'NZ7069L',150,150),(10002,'AM30',200,200),(10002,'HC-RD',1080,1080),(10002,'NZ7067B',300,300),(10002,'NZ7069K',1260,1260),(10002,'NZ7069L',310,310),(10002,'NZ7070G',312,312),(10002,'NZ7070S',112,112),(10002,'NZ7071G',1320,1320),(10003,'57753',8640,8640),(10003,'AM30',200,200),(10003,'HC-RD',1080,1080),(10003,'NZ7067B',300,300),(10003,'NZ7069K',1260,1260),(10003,'NZ7069L',210,210),(10003,'NZ7070G',312,312),(10003,'NZ7070S',112,112),(10003,'NZ7071G',60,60),(10004,'3019',100,100),(10004,'AM30',200,200),(10004,'HC-RD',420,420),(10004,'NZ7067B',300,300),(10004,'NZ7069K',200,200),(10004,'NZ7069L',210,210),(10004,'NZ7070G',312,312),(10004,'NZ7070S',112,112),(10004,'NZ7071G',60,60);
/*!40000 ALTER TABLE `yinventory` ENABLE KEYS */;
UNLOCK TABLES;

--
-- Table structure for table `yodr`
--

DROP TABLE IF EXISTS `yodr`;
/*!40101 SET @saved_cs_client     = @@character_set_client */;
/*!40101 SET character_set_client = utf8 */;
CREATE TABLE `yodr` (
  `ORDER1` varchar(15) NOT NULL,
  `ODATE` int(10) DEFAULT NULL,
  `CONO` varchar(10) DEFAULT NULL,
  PRIMARY KEY (`ORDER1`)
) ENGINE=InnoDB DEFAULT CHARSET=utf8;
/*!40101 SET character_set_client = @saved_cs_client */;

--
-- Dumping data for table `yodr`
--

LOCK TABLES `yodr` WRITE;
/*!40000 ALTER TABLE `yodr` DISABLE KEYS */;
INSERT INTO `yodr` VALUES ('Y0101-01',1000103,'001'),('Y0101-02',1000109,'004'),('Y0101-03',1000110,'001'),('Y0102-01',1000201,'001'),('Y0102-02',1000203,'001'),('Y0103-01',1000302,'002'),('Y0103-02',1000308,'001'),('Y0104-01',1000405,'005'),('Y0104-02',1000408,'001'),('Y0104-03',1000410,'003'),('Y0104-04',1000415,'001'),('Y108020101',1080201,'001'),('Y108022401',1080224,'002'),('Y109010401',1090104,'002'),('Y109010701',1090107,'003'),('Y109021001',1090210,'005');
/*!40000 ALTER TABLE `yodr` ENABLE KEYS */;
UNLOCK TABLES;

--
-- Table structure for table `yodrdt`
--

DROP TABLE IF EXISTS `yodrdt`;
/*!40101 SET @saved_cs_client     = @@character_set_client */;
/*!40101 SET character_set_client = utf8 */;
CREATE TABLE `yodrdt` (
  `ORDER1` varchar(15) NOT NULL,
  `OD` int(2) DEFAULT NULL,
  `FGNO` varchar(10) NOT NULL,
  `QTY` int(11) DEFAULT NULL,
  `PRC` float DEFAULT NULL,
  `SQTY` int(11) DEFAULT NULL,
  `NOTE1` varchar(120) DEFAULT NULL,
  PRIMARY KEY (`ORDER1`,`FGNO`)
) ENGINE=InnoDB DEFAULT CHARSET=utf8;
/*!40101 SET character_set_client = @saved_cs_client */;

--
-- Dumping data for table `yodrdt`
--

LOCK TABLES `yodrdt` WRITE;
/*!40000 ALTER TABLE `yodrdt` DISABLE KEYS */;
INSERT INTO `yodrdt` VALUES ('Y0101-01',1,'NZ7067B',2340,90,2340,'1000110'),('Y0101-01',2,'NZ7069L',1350,148,1350,'1000110'),('Y0101-02',1,'AM30',1000,50,1000,'1000124'),('Y0101-03',1,'NZ7067B',2880,93,2880,'1000126'),('Y0101-03',2,'NZ7068B',2880,86,2880,'1000126'),('Y0101-03',3,'NZ7069K',2040,134,2040,'1000425'),('Y0102-01',1,'NZ7069L',4260,148,4260,'1000214'),('Y0102-01',2,'NZ7070G',2088,164,2088,'1000214'),('Y0102-02',1,'NZ7070S',1728,164,1728,'1000214'),('Y0102-02',2,'NZ7071G',960,220,960,'1000214'),('Y0103-01',1,'3019',4320,40,4320,'1000314'),('Y0103-02',1,'NZ7069L',100,150,100,'1000323'),('Y0103-02',2,'NZ7071G',1260,220,1260,'1000323'),('Y0104-01',1,'HC-RD',660,363,660,'1000425'),('Y0104-02',1,'NZ7069K',420,140,0,'1000428'),('Y0104-03',1,'57753',8640,53,8640,'1000425'),('Y0104-04',1,'NZ7068B',1000,86,0,NULL),('Y108020101',1,'AM30',10,200,NULL,NULL),('Y108022401',1,'3019',12,100,NULL,NULL),('Y109010401',1,'HC-RD',10,100,NULL,NULL),('Y109010701',2,'57753',10,120,NULL,NULL),('Y109010701',1,'NZ7069L',10,180,NULL,NULL),('Y109021001',2,'3019',1,1,NULL,NULL),('Y109021001',1,'NZ7071G',1,1,NULL,'BB');
/*!40000 ALTER TABLE `yodrdt` ENABLE KEYS */;
UNLOCK TABLES;

--
-- Dumping routines for database 'yvmenuc'
--
/*!40103 SET TIME_ZONE=@OLD_TIME_ZONE */;

/*!40101 SET SQL_MODE=@OLD_SQL_MODE */;
/*!40014 SET FOREIGN_KEY_CHECKS=@OLD_FOREIGN_KEY_CHECKS */;
/*!40014 SET UNIQUE_CHECKS=@OLD_UNIQUE_CHECKS */;
/*!40101 SET CHARACTER_SET_CLIENT=@OLD_CHARACTER_SET_CLIENT */;
/*!40101 SET CHARACTER_SET_RESULTS=@OLD_CHARACTER_SET_RESULTS */;
/*!40101 SET COLLATION_CONNECTION=@OLD_COLLATION_CONNECTION */;
/*!40111 SET SQL_NOTES=@OLD_SQL_NOTES */;

-- Dump completed on 2022-01-08 23:03:50
