-- MySql

-- 導出 YVMENU0 的資料庫結構
DROP DATABASE IF EXISTS `YVMENU0`;
CREATE DATABASE IF NOT EXISTS `YVMENU0` /*!40100 DEFAULT CHARACTER SET utf8 */;
USE `YVMENU0`;

-- 建立 Table YVMENU0.YCUST 結構
CREATE TABLE `ycust` (
  `CONO`  varchar(10) DEFAULT NULL,
  `NA`    varchar(8) DEFAULT NULL,
  `NAME`  varchar(20) DEFAULT NULL,
  `ID`    varchar(10) DEFAULT NULL,
  `BOSS`  varchar(16) DEFAULT NULL,
  `AGENT` varchar(16) DEFAULT NULL,
  `TEL1`  varchar(16) DEFAULT NULL,
  `TEL2`  varchar(16) DEFAULT NULL,
  `PTEL`  varchar(12) DEFAULT NULL,
  `FAX`   varchar(16) DEFAULT NULL,
  `IADD`  varchar(40) DEFAULT NULL,
  `MEMO`  varchar(30) DEFAULT NULL
) ENGINE=InnoDB DEFAULT CHARSET=utf8;

-- 導出 Table YVMENU0.YCUST 的資料
INSERT INTO `ycust`
(`CONO`,`NA`,`NAME`,`ID`,`BOSS`,`AGENT`,`TEL1`,`TEL2`,`PTEL`,`FAX`,`IADD`,`MEMO`) VALUES

 ('001','NAKAZAWA','NAKAZAWA CO.,LTD.','','田村','','81-6-69815905','','932963258','','','DIECASTING'),
 ('002','帝寶工業','帝寶工業有限公司','59347422','','','06-2012889','','910109648','06-233-3620','台南縣永康市經中路12號',''),
 ('003','六鉅國際','六鉅國際股份有限公司','14094669','','邱森鴻','02-26562688#56','','927353699','02-26562668','台北市內湖區洲子

街60號7樓','#73李小姐(會計)'),
 ('004','台灣樂家','台灣樂家衛浴股份有限公司','84158089','','','04-8536262','','988147852','04-8521080','515彰化縣大村鄉過溝村中

山路二段333號',''),
 ('005','KAWANO','KAWANO IN CORPORATIO','','清成俊一','幾野雄次','932331155','','932331155','0944-33-2175','','ikuno@kic-

kawano.com'),
 ('B02','詠翔工業','詠翔工業社','','','鄭''R','04-756-7654','','0919-064-765','04-755-8930','彰化縣和美鎮山犁里七寮路201號',''),
 ('C20','翊傑金屬','翊傑金屬有限公司','','','王大明','04-799-2345','','0935-139-555','04-799-2061','彰化縣伸港鄉溪底村工西一路7

號',''),
 ('C22','佑昇金屬','佑昇金屬有限公司','27894268','','許小華','04-8349876','','0933-470666','04-8349193','彰化縣員林鎮大饒里員集

路二段384巷19號','鋁陽極'),
 ('D01','彰霖企業','彰霖企業股份有限公司','59333150','黃敏達','','04-771-8765','04-771-33333','0922-426-888','04-771-2099','彰化

縣鹿港鎮山崙里崙尾巷98-13號',''),
 ('E01','奇異塑膠','奇異塑膠工業股份有限公司','22499896','蔡文雄','','04-755-3456','','','04-757-4385','彰化縣和美鎮彰美路六段

242號',''),
 ('E02','和興企業','和興企業社','19930510','吳信儒','','049-252-6543','0923-159-678','0935-384-777','049-252-0596','彰化縣芬園舊

社村鄉和興路196號',''),
 ('E03','鴻吉工業','鴻吉工業社','77684635','鄭隆吉','','04-2630-3456','','0923-651-999','04-2630-6253','台中縣梧棲鎮永興路一段

410號','塑膠射出 ');

-- 建立 Table YVMENU0.YFGIO 結構
CREATE TABLE `yfgio` (
  `VHNO` varchar(10) DEFAULT NULL,
  `VHDT` int(11) DEFAULT NULL,
  `CONO` varchar(10) DEFAULT NULL,
  `DC` varchar(1) DEFAULT NULL,
  `TAMT` float DEFAULT NULL
) ENGINE=InnoDB DEFAULT CHARSET=utf8;

-- 建立 Table YVMENU0.YFGIO 的資料
INSERT INTO `yfgio` (`VHNO`,`VHDT`,`CONO`,`DC`,`TAMT`) VALUES
  ('100011001',1000110,'E01','D',163800),
  ('100011002',1000110,'001','C',210600),
  ('100011003',1000110,'E02','D',180600),
  ('100011004',1000110,'E03','D',180000),
  ('100011005',1000110,'001','C',199800),
  ('100011401',1000114,'C22','D',43200),
  ('100012401',1000124,'004','C',50000),
  ('100012601',1000126,'D01','D',195840),
  ('100012602',1000126,'001','C',247680),
  ('100012603',1000126,'D01','D',322560),
  ('100012604',1000126,'001','C',217080),
  ('100012605',1000126,'E01','D',42000),
  ('100012606',1000126,'001','C',267840),
  ('100021401',1000214,'E02','D',660000),
  ('100021402',1000214,'001','C',630480),
  ('100021403',1000214,'E02','D',280800),
  ('100021404',1000214,'001','C',211200),
  ('100021406',1000214,'E01','D',551200),
  ('100021407',1000214,'001','C',566784),
  ('100021408',1000214,'E03','D',324000),
  ('100021409',1000214,'001','C',59040),
  ('100031410',1000314,'C22','D',129600),
  ('100031411',1000314,'002','C',172800),
  ('100032301',1000323,'C22','D',354240),
  ('100032302',1000323,'001','C',292200),
  ('100040201',1000412,'002','D',3000),
  ('100042501',1000425,'003','C',457920),
  ('100042502',1000425,'005','C',239580),
  ('100042503',1000425,'002','C',58800);

-- 建立 Table YVMENU0.YFGIODT 結構
CREATE TABLE `yfgiodt` (
  `VHNO` varchar(10) DEFAULT NULL,
  `FGNO` varchar(10) DEFAULT NULL,
  `QTY` int(11) DEFAULT NULL,
  `PRC` float DEFAULT NULL,
  `BATCH` varchar(7) DEFAULT NULL,
  `ORDER1` varchar(10) DEFAULT NULL,
  `NOTE1` varchar(20) DEFAULT NULL
) ENGINE=InnoDB DEFAULT CHARSET=utf8;

-- 建立 Table YVMENU0.YFGIODT 的資料
INSERT INTO `yfgiodt`
(`VHNO`,`FGNO`,`QTY`,`PRC`,`BATCH`,`ORDER1`,`NOTE1`) VALUES

  ( '100011001','NZ7067B',2340,70,'','',''),
  ( '100011002','NZ7067B',840,90,'NZ11S','Y0101-01',''),
  ( '100011002','NZ7067B',1500,90,'NZ11S','Y0101-01',''),
  ( '100011003','NZ7067B',2580,70,'','',''),
  ( '100011004','NZ7069L',1500,120,'','',''),
  ( '100011005','NZ7069L',1350,148,'NZ11S','Y0101-01',''),
  ( '100011401','AM30',1200,36,'','',''),
  ( '100012401','AM30',1000,50,'NZ11S','Y0101-02',''),
  ( '100012601','NZ7068B',2880,68,'','',''),
  ( '100012602','NZ7068B',2880,86,'NZ12S','Y0101-03',''),
  ( '100012603','NZ7069K',2880,112,'','',''),
  ( '100012604','NZ7069K',1620,134,'NZ12S','Y0101-03',''),
  ( '100012605','NZ7067B',600,70,'','',''),
  ( '100012606','NZ7067B',2880,93,'NZ12S','Y0101-03',''),
  ( '100021401','NZ7069L',1900,120,'','',''),
  ( '100021401','NZ7069L',2520,120,'','',''),
  ( '100021401','NZ7071G',720,180,'','',''),
  ( '100021402','NZ7069L',2520,148,'NZ22S','Y0102-01',''),
  ( '100021402','NZ7069L',1740,148,'NZ22S','Y0102-01',''),
  ( '100021403','NZ7071G',780,180,'','',''),
  ( '100021403','NZ7071G',780,180,'','',''),
  ( '100021404','NZ7071G',960,220,'NZ22S','Y0102-02',''),
  ( '100021406','NZ7070G',2400,130,'','',''),
  ( '100021406','NZ7070S',1840,130,'','',''),
  ( '100021407','NZ7070G',1728,164,'NZ22S','Y0102-01',''),
  ( '100021407','NZ7070S',1728,164,'NZ22S','Y0102-02',''),
  ( '100021408','HC-RD',1080,300,'','',''),
  ( '100021409','NZ7070G',360,164,'NZ22S','Y0102-01',''),
  ( '100031410','3019',4320,30,'','',''),
  ( '100031411','3019',4320,40,'NZ31S','Y0103-01',''),
  ( '100032301','57753',8640,41,'','',''),
  ( '100032302','NZ7069L',100,150,'NZ32S','Y0103-02',''),
  ( '100032302','NZ7071G',1260,220,'NZ32S','Y0103-02',''),
  ( '100041201','3019',100,30,'NZ41S','Y0104-03',''),
  ( '100042501','57753',8640,53,'','',''),
  ( '100042502','HC-RD',660,363,'NZ41S','Y0104-01',''),
  ( '100042503','NZ7069K',420,140,'NZ41S','Y0101-03','');

-- 建立 Table YVMENU0.YFGMAST 結構
CREATE TABLE `yfgmast` (
  `FGNO` varchar(10) DEFAULT NULL,
  `FGNAME` varchar(20) DEFAULT NULL,
  `CONO` varchar(10) DEFAULT NULL,
  `PRC` float DEFAULT NULL,
  `ZWET` double DEFAULT NULL,
  `FL` varchar(2) DEFAULT NULL,
  `NOTE` varchar(20) DEFAULT NULL,
  `IQTY` int(11) DEFAULT NULL
) ENGINE=InnoDB DEFAULT CHARSET=utf8;

-- 建立 Table YVMENU0.YFGMAST 的資料
INSERT INTO `yfgmast`(`FGNO`,`FGNAME`,`CONO`,`PRC`,`ZWET`,`FL`,`NOTE`,`IQTY`) VALUES

  ( '3019','3019    門    擋','002',40,0.0602,'V','',100),  
  ( '57753','#57753  把    手','003',50,0.2047,'V','',0),
  ( 'AM30','POWER 30W DC-DC','004',50,0.065,'V','',200),
  ( 'HC-RD','隱形眼鏡盒-RD','005',363,0,'V','',420),
  ( 'NZ7067B','ES-35WB 彎形7067','001',90,0.102,'V','',300),
  ( 'NZ7068B','ES-35SB 直形7068','001',86,0.064,'V','',0),
  ( 'NZ7069K','KSB-EEN 彎頭7069','001',134,0.1755,'V','',200),
  ( 'NZ7069L','TB6135  彎頭7069','001',148,0.1755,'V','',210),
  ( 'NZ7070G','ES-35LEGＬ形7070','001',164,0.1708,'V','',312),
  ( 'NZ7070S','ES-35LESＬ形7070','001',164,0.1708,'V','',112),
  ( 'NZ7071G','ES-35WEG  彎接頭','001',222,0.2242,'V','',60);

-- 建立 Table YVMENU0.YFGQTY 結構
CREATE TABLE `yfgqty` (
  `YYMM` smallint(6) DEFAULT NULL,
  `FGNO` varchar(10) DEFAULT NULL,
  `PMQTY` int(11) DEFAULT NULL,
  `INQTY` int(11) DEFAULT NULL,
  `UDQTY` int(11) DEFAULT NULL
) ENGINE=InnoDB DEFAULT CHARSET=utf8;

-- 建立 Table YVMENU0.YFGQTY 的資料
INSERT INTO `yfgqty`
(`YYMM`,`FGNO`,`PMQTY`,`INQTY`,`UDQTY`) VALUES

  (10001,'NZ7068B',0,2880,2880),
  (10001,'NZ7069L',0,1500,1350),
  (10001,'NZ7069K',0,2880,1620),
  (10001,'NZ7067B',0,5520,5220),
  (10001,'AM30',0,1200,1000),
  (10002,'NZ7069K',1260,0,0),
  (10002,'NZ7070G',0,2400,2088),
  (10002,'AM30',200,0,0),
  (10002,'NZ7070S',0,1840,1728),
  (10002,'NZ7071G',0,2280,960),
  (10002,'HC-RD',0,1080,0),
  (10002,'NZ7069L',150,4420,4260),
  (10002,'NZ7067B',300,0,0),
  (10003,'3019',0,4320,4320),
  (10003,'HC-RD',1080,0,0),
  (10003,'NZ7069L',310,0,100),
  (10003,'NZ7069K',1260,0,0),
  (10003,'NZ7067B',300,0,0),
  (10003,'NZ7070G',312,0,0),
  (10003,'NZ7070S',112,0,0),
  (10003,'57753',0,8640,0),
  (10003,'AM30',200,0,0),
  (10003,'NZ7071G',1320,0,1260),
  (10004,'AM30',200,0,0),
  (10004,'57753',8640,0,8640),
  (10004,'NZ7069K',1260,0,420),
  (10004,'NZ7070G',312,0,0),
  (10004,'NZ7070S',112,0,0),
  (10004,'NZ7071G',60,0,0),
  (10004,'HC-RD',1080,0,660),
  (10004,'NZ7067B',300,0,0),
  (10004,'NZ7069L',210,0,0),
  (10005,'NZ7069L',210,0,0),
  (10005,'NZ7067B',300,0,0),
  (10005,'HC-RD',420,0,0),
  (10005,'NZ7071G',60,0,0),
  (10005,'NZ7070S',112,0,0),
  (10005,'NZ7070G',312,0,0),
  (10005,'NZ7069K',840,0,0),
  (10005,'AM30',200,0,0);

-- 建立 Table YVMENU0.YINVENTORY 結構
CREATE TABLE `yinventory` (
  `INVO` varchar(10) DEFAULT NULL,
  `YYMM` smallint(6) DEFAULT NULL,
  `FGNO` varchar(10) DEFAULT NULL,
  `IVQTY` int(11) DEFAULT NULL,
  `SQTY` int(11) DEFAULT NULL,
  `LOC` varchar(10) DEFAULT NULL
) ENGINE=InnoDB DEFAULT CHARSET=utf8;

-- 建立 Table YVMENU0.YINVENTORY 的資料
INSERT INTO `yinventory`
(`INVO`,`YYMM`,`FGNO`,`IVQTY`,`SQTY`,`LOC`) VALUES

  ('M1000101',10001,'AM30',200,200,''),
  ('M1000101',10001,'NZ7067B',300,300,''),
  ('M1000101',10001,'NZ7069K',1260,1260,''),
  ('M1000101',10001,'NZ7069L',150,150,''),
  ('M1000201',10002,'NZ7069K',1260,1260,''),
  ('M1000201',10002,'NZ7067B',300,300,''),
  ('M1000201',10002,'AM30',200,200,''),
  ('M1000201',10002,'HC-RD',1080,1080,''),
  ('M1000201',10002,'NZ7069L',310,310,''),
  ('M1000201',10002,'NZ7070G',312,312,''),
  ('M1000201',10002,'NZ7070S',112,112,''),
  ('M1000201',10002,'NZ7071G',1320,1320,''),
  ('M1000301',10003,'57753',8640,8640,''),
  ('M1000301',10003,'NZ7069K',1260,1260,''),
  ('M1000301',10003,'NZ7067B',300,300,''),
  ('M1000301',10003,'AM30',200,200,''),
  ('M1000301',10003,'HC-RD',1080,1080,''),
  ('M1000301',10003,'NZ7069L',210,210,''),
  ('M1000301',10003,'NZ7070G',312,312,''),
  ('M1000301',10003,'NZ7070S',112,112,''),
  ('M1000301',10003,'NZ7071G',60,60,''),
  ('M1000401',10004,'NZ7069K',840,840,''),
  ('M1000401',10004,'NZ7067B',300,300,''),
  ('M1000401',10004,'AM30',200,200,''),
  ('M1000401',10004,'HC-RD',420,420,''),
  ('M1000401',10004,'NZ7069L',210,210,''),
  ('M1000401',10004,'NZ7070G',312,312,''),
  ('M1000401',10004,'NZ7070S',112,112,''),
  ('M1000401',10004,'NZ7071G',60,60,'');

-- 建立 Table YVMENU0.YODR 結構
CREATE TABLE `yodr` (
  `ORDER1` varchar(10) DEFAULT NULL,
  `ODATE` int(11) DEFAULT NULL,
  `CONO` varchar(10) DEFAULT NULL,
  `TAMT` float DEFAULT NULL
) ENGINE=InnoDB DEFAULT CHARSET=utf8;

-- 建立 Table YVMENU0.YODR 的資料
INSERT INTO `yodr`(`ORDER1`,`ODATE`,`CONO`,`TAMT`) VALUES

  ('Y0101-01',1000103,'001',410400),
  ('Y0101-02',1000109,'004',50000),
  ('Y0101-03',1000110,'001',788880),
  ('Y0102-01',1000201,'001',972912),
  ('Y0102-02',1000203,'001',494592),
  ('Y0103-01',1000302,'002',172800),
  ('Y0103-02',1000308,'001',292200),
  ('Y0104-01',1000405,'005',239580),
  ('Y0104-02',1000408,'001',58800),
  ('Y0104-03',1000410,'003',457920),
  ('Y0104-04',1000415,'001',86000);

-- 建立 Table YVMENU0.YODRDT 結構
CREATE TABLE `yodrdt` (
  `ORDER1` varchar(10) DEFAULT NULL,
  `FGNO` varchar(10) DEFAULT NULL,
  `QTY` int(11) DEFAULT NULL,
  `PRC` float DEFAULT NULL,
  `NOTE1` varchar(20) DEFAULT NULL
) ENGINE=InnoDB DEFAULT CHARSET=utf8;

-- 建立 Table YVMENU0.YODRDT 的資料
INSERT INTO `yodrdt`(`ORDER1`,`FGNO`,`QTY`,`PRC`,`NOTE1`) VALUES

  ('Y0101-01','NZ7067B',2340,90,''),
  ('Y0101-01','NZ7069L',1350,148,''),
  ('Y0101-02','AM30',1000,50,''),
  ('Y0101-03','NZ7067B',2880,93,''),
  ('Y0101-03','NZ7068B',2880,86,''),
  ('Y0101-03','NZ7069K',2040,134,''),
  ('Y0102-01','NZ7069L',4260,148,''),
  ('Y0102-01','NZ7070G',2088,164,''),
  ('Y0102-02','NZ7070S',1728,164,''),
  ('Y0102-02','NZ7071G',960,220,''),
  ('Y0103-01','3019',4320,40,''),
  ('Y0103-02','NZ7069L',100,150,''),
  ('Y0103-02','NZ7071G',1260,220,''),
  ('Y0104-01','HC-RD',660,363,''),
  ('Y0104-02','NZ7069K',420,140,''),
  ('Y0104-03','57753',8640,53,''),
  ('Y0104-04','NZ7068B',1000,86,'');
